URL,Version,Status,OIDs,Name,Title,Description,Used
http://hl7.org/cda/stds/core/CodeSystem/BinaryDataEncoding,2.0.3-sd,draft,,BinaryDataEncoding,Binary Data Encoding Code System,"Identifies the representation of binary data in a text field","ValueSet/BinaryDataEncoding"
http://loinc.org,3.1.0,active,"2.16.840.1.113883.6.1",LOINC,Logical Observation Identifiers, Names and Codes (LOINC),"LOINC provides a set of universal names and ID codes for identifying laboratory and clinical test results.1,2 LOINC facilitates the exchange and pooling of results, such as blood hemoglobin, serum potassium, or vital signs, for clinical care, outcomes management, and research. LOINC's universal identifiers (names and codes) can be used in the context of order and observation exchanges between information systems that use syntax standards such as HL73, CEN TC251, ISO TC215, ASTM4, and DICOM. Specifically, the identifier can be used as the coded value for an observation in any other standard that uses the observation/observation value paradigm, whether messages, documents, application programming interface (API), etc. For example, LOINC codes are used widely in the OBX segment Observation Identifier field (OBX-3) of an ORU HL7 (HL7 version 2.x or ASTM 1238-9410) message that may be sent between a Clinical Laboratory Information Management Systems (LIMS) and Electronic Health Record Systems (EHR).5, 6 In this way, LOINC codes provide universal identifiers that allow the exchange of clinical data between heterogeneous computing environments.","ValueSet/doc-typecodes"
http://snomed.info/sct,http://snomed.info/sct/900000000000207008/version/20260901,active,"2.16.840.1.113883.6.96",SNOMED_CT,SNOMED CT core,"SNOMED CT is the most comprehensive and precise clinical health terminology product in the world, owned and distributed around the world by The International Health Terminology Standards Development Organisation (IHTSDO).","ValueSet/jdv-human-substance-administration-site-cisis"
http://terminology.hl7.org/CodeSystem/naics,2.0.1,retired,"2.16.840.1.113883.6.85",Naics,North American Industry Classification System,"North American Industry Classification System(NAICS) for the United States, a new economic classification system that replaces the 1987 Standard Industrial Classification (SIC) for statistical purposes. NAICS is a system for classifying establishments by type of economic activity. Its purposes are: (1) to facilitate the collection, tabulation, presentation, and analysis of data relating to establishments, and (2) to promote uniformity and comparability in the presentation of statistical data describing the economy. NAICS will be used by Federal statistical agencies that collect or publish data by industry.","ValueSet/v3-OrganizationIndustryClassNAICS"
http://terminology.hl7.org/CodeSystem/v3-ActClass,5.0.0,active,"2.16.840.1.113883.5.6",ActClass,ActClass,"A code specifying the major type of Act that this Act-instance represents.    *Constraints:* The classCode domain is a tightly controlled vocabulary, not an external or user-defined vocabulary.    Every Act-instance must have a classCode. If the act class is not further specified, the most general Act.classCode (ACT) is used.    The Act.classCode must be a generalization of the specific Act concept (e.g., as expressed in Act.code), in other words, the Act concepts conveyed in an Act must be specializations of the Act.classCode. Especially, Act.code is not a ""modifier"" that can alter the meaning of a class code. (See Act.code for contrast.)","ValueSet/CDAActClassObservation,ValueSet/v3-ActClassRecordOrganizer,ValueSet/CDAActClass,ValueSet/v3-ActClassDocument,ValueSet/v3-ActClassSupply"
http://terminology.hl7.org/CodeSystem/v3-ActCode,11.0.0,active,"2.16.840.1.113883.5.4",ActCode,ActCode,"A code specifying the particular kind of Act that the Act-instance represents within its class.    *Constraints:* The kind of Act (e.g. physical examination, serum potassium, inpatient encounter, charge financial transaction, etc.) is specified with a code from one of several, typically external, coding systems. The coding system will depend on the class of Act, such as LOINC for observations, etc.    Conceptually, the Act.code must be a specialization of the Act.classCode. This is why the structure of ActClass domain should be reflected in the superstructure of the ActCode domain and then individual codes or externally referenced vocabularies subordinated under these domains that reflect the ActClass structure.    Act.classCode and Act.code are not modifiers of each other but the Act.code concept should really imply the Act.classCode concept. For a negative example, it is not appropriate to use an Act.code ""potassium"" together with and Act.classCode for ""laboratory observation"" to somehow mean ""potassium laboratory observation"" and then use the same Act.code for ""potassium"" together with Act.classCode for ""medication"" to mean ""substitution of potassium"". This mutually modifying use of Act.code and Act.classCode is not permitted.","ValueSet/CDAActSubstanceAdministrationCode,ValueSet/v3-ActCode"
http://terminology.hl7.org/CodeSystem/v3-ActMood,5.0.0,active,"2.16.840.1.113883.5.1001",ActMood,ActMood,"OpenIssue: In Ballot 2009May, a strong Negative vote was lodged against several of the concept definitions in the vocabulary used for Act.moodCode. The vote was found ""Persuasive With Mod"", with the understanding that M and M would undertake a detailed review of these concept definitions for a future release of the RIM.","ValueSet/v3-xDocumentSubstanceMood,ValueSet/v3-ActMoodPredicate,ValueSet/CDAActMood"
http://terminology.hl7.org/CodeSystem/v3-ActPriority,5.0.0,active,"2.16.840.1.113883.5.7",ActPriority,ActPriority,"A set of codes (e.g., for routine, emergency), specifying the urgency under which the Act happened, can happen, is happening, is intended to happen, or is requested/demanded to happen.","ValueSet/v3-ActPriority"
http://terminology.hl7.org/CodeSystem/v3-ActRelationshipType,5.0.0,active,"2.16.840.1.113883.5.1002",ActRelationshipType,ActRelationshipType,"The source is an excerpt from the target.","ValueSet/CDAActRelationshipType,ValueSet/v3-xActRelationshipEntry,ValueSet/v3-xActRelationshipExternalReference,ValueSet/v3-xActRelationshipEntryRelationship,ValueSet/v3-ActRelationshipHasComponent"
http://terminology.hl7.org/CodeSystem/v3-ActStatus,5.0.0,active,"2.16.840.1.113883.5.14",ActStatus,ActStatus,"Codes representing the defined possible states of an Act, as defined by the Act class state machine.","ValueSet/jdv-hl7-v3-ActStatus-cisis,ValueSet/v3-ActStatus"
http://terminology.hl7.org/CodeSystem/v3-CompressionAlgorithm,4.0.0,active,"2.16.840.1.113883.5.1009",CompressionAlgorithm,CompressionAlgorithm,"Type of compression algorithm used","ValueSet/CDACompressionAlgorithm"
http://terminology.hl7.org/CodeSystem/v3-ContextControl,4.0.0,active,"2.16.840.1.113883.5.1057",ContextControl,ContextControl,"A code that specifies how an ActRelationship or Participation contributes to the context of an Act, and whether it may be propagated to descendent Acts whose association allows such propagation (see also attributes Participation.contextControlCode, ActRelationship.contextControlCode, ActRelationship.contextConductionInd).","ValueSet/CDAContextControl"
http://terminology.hl7.org/CodeSystem/v3-EntityClass,5.0.0,active,"2.16.840.1.113883.5.41",EntityClass,EntityClass,"Classifies the Entity class and all of its subclasses. The terminology is hierarchical. At the top is this HL7-defined domain of high-level categories (such as represented by the Entity subclasses). Each of these terms must be harmonized and is specializable. The value sets beneath are drawn from multiple, frequently external, domains that reflect much more fine-grained typing.","ValueSet/v3-EntityClassOrganization,ValueSet/v3-EntityClassDevice"
http://terminology.hl7.org/CodeSystem/v3-EntityCode,4.0.0,active,"2.16.840.1.113883.5.1060",EntityCode,EntityCode,"*OpenIssue:* Missing description.","ValueSet/CDAEntityCode"
http://terminology.hl7.org/CodeSystem/v3-EntityDeterminer,5.0.0,active,"2.16.840.1.113883.5.30",EntityDeterminer,EntityDeterminer,"EntityDeterminer in natural language grammar is the class of words that comprises articles, demonstrative pronouns, and quantifiers. In the RIM, determiner is a structural code in the Entity class to distinguish whether any given Entity object stands for some, any one, or a specific thing.","ValueSet/v3-EntityDeterminer"
http://terminology.hl7.org/CodeSystem/v3-IntegrityCheckAlgorithm,4.0.0,active,"2.16.840.1.113883.5.1010",IntegrityCheckAlgorithm,IntegrityCheckAlgorithm,"**** MISSING DESCRIPTION ****","ValueSet/v3-IntegrityCheckAlgorithm"
http://terminology.hl7.org/CodeSystem/v3-ManufacturerModelNameExample,3.0.0,active,"2.16.840.1.113883.5.156",ManufacturerModelNameExample,ManufacturerModelNameExample,"This code system serves to capture the ManufacturerModelName concept domain used to convey a coded name for a device.","ValueSet/v3-ManufacturerModelNameExample"
http://terminology.hl7.org/CodeSystem/v3-NullFlavor,4.0.0,active,"2.16.840.1.113883.5.1008",NullFlavor,NullFlavor,"A collection of codes specifying why a valid value is not present.","ValueSet/CDANullFlavor"
http://terminology.hl7.org/CodeSystem/v3-ParticipationType,7.0.0,active,"2.16.840.1.113883.5.90",ParticipationType,ParticipationType,"A code specifying the meaning and purpose of every Participation instance. Each of its values implies specific constraints on the Roles undertaking the participation.","ValueSet/v3-ParticipationPhysicalPerformer,ValueSet/CDAParticipationType,ValueSet/v3-xServiceEventPerformer,ValueSet/v3-ParticipationTargetDirect"
http://terminology.hl7.org/CodeSystem/v3-RoleClass,6.0.0,active,"2.16.840.1.113883.5.110",RoleClass,RoleClass,"Codes for the Role class hierarchy. The values in this hierarchy, represent a Role which is an association or relationship between two entities - the entity that plays the role and the entity that scopes the role. Roles names are derived from the name of the playing entity in that role.    The role hierarchy stems from three core concepts, or abstract domains:     *  **RoleClassOntological** is an abstract domain that collects roles in which the playing entity is defined or specified by the scoping entity.   *  **RoleClassPartitive** collects roles in which the playing entity is in some sense a ""part"" of the scoping entity.   *  **RoleClassAssociative** collects all of the remaining forms of association between the playing entity and the scoping entity. This set of roles is further partitioned between:             *  **RoleClassPassive** which are roles in which the playing entity is used, known, treated, handled, built, or destroyed, etc. under the auspices of the scoping entity. The playing entity is passive in these roles in that the role exists without an agreement from the playing entity.       *  **RoleClassMutualRelationship** which are relationships based on mutual behavior of the two entities. The basis of these relationship may be formal agreements or they may be *de facto* behavior. Thus, this sub-domain is further divided into:                     *  **RoleClassRelationshipFormal** in which the relationship is formally defined, frequently by a contract or agreement.           *  **Personal relationship** which inks two people in a personal relationship.    The hierarchy discussed above is represented In the current vocabulary tables as a set of abstract domains, with the exception of the ""Personal relationship"" which is a leaf concept.    *OpenIssue:* Description copied from Concept Domain of same name. Must be verified.","ValueSet/CDARoleClassRoot,ValueSet/v3-RoleClassAssignedEntity,ValueSet/v3-RoleClassRelationshipFormal"
http://terminology.hl7.org/CodeSystem/v3-RoleCode,4.0.0,active,"2.16.840.1.113883.5.111",RoleCode,RoleCode,"A set of codes further specifying the kind of Role; specific classification codes for further qualifying RoleClass codes.","ValueSet/CDARoleCode"
http://terminology.hl7.org/CodeSystem/v3-RouteOfAdministration,4.0.0,active,"2.16.840.1.113883.5.112",RouteOfAdministration,RouteOfAdministration,"The path the administered medication takes to get into the body or into contact with the body.","ValueSet/v3-RouteOfAdministration"
http://terminology.hl7.org/CodeSystem/v3-SetOperator,5.0.0,active,"2.16.840.1.113883.5.1069",SetOperator,SetOperator,"**** MISSING DESCRIPTION ****","ValueSet/CDASetOperator"
http://terminology.hl7.org/CodeSystem/v3-SoftwareNameExample,3.0.0,active,"2.16.840.1.113883.5.157",SoftwareNameExample,SoftwareNameExample,"This code system serves to capture the SoftwareName concept domain used to convey a coded name for the software used to author content.","ValueSet/v3-SoftwareNameExample"
http://terminology.hl7.org/CodeSystem/v3-mediaType,4.0.0,active,"2.16.840.1.113883.5.79",MediaType,Media Type,"An HL7 developed code system based on the Internet Assigned Numbers Authority (IANA) Media Types registry. Identifies the type of the encapsulated data and identifies a method to interpret or render the data. The IANA defined domain of media types is established by the Internet standard RFC 2045 \[http://www.ietf.org/rfc/rfc2045.txt\] and 2046 \[http://www.ietf.org/rfc/rfc2046.txt\]. RFC 2046 defines the media type to consist of two parts:    1.  top level media type, and  2.  media subtype    However, this HL7 datatypes specification treats the entire media type as one atomic code symbol in the form defined by IANA, i.e., top level type followed by a slash ""/"" followed by media subtype. Currently defined media types are registered in a database \[http://www.iana.org/assignments/media-types/index.html\] maintained by IANA. Currently several hundred different MIME media types are defined, with the list growing rapidly. In general, all those types defined by the IANA MAY be used.","ValueSet/v3-MediaType"
http://terminology.hl7.org/CodeSystem/v3-orderableDrugForm,4.0.0,active,"2.16.840.1.113883.5.85",OrderableDrugForm,Orderable Drug Form,"*OpenIssue:* Missing description.","ValueSet/v3-AdministrableDrugForm"
https://mos.esante.gouv.fr/NOS/TRE_A00-ProducteurDocNonPS/FHIR/TRE-A00-ProducteurDocNonPS,20240329120000,active,"1.2.250.1.213.1.1.4.6",TRE_A00_ProducteurDocNonPS,,"Producteur de document non PS","ValueSet/JDV-J04-XdsPracticeSettingCode-CISIS,ValueSet/JDV-J01-XdsAuthorSpecialty-CISIS"
https://mos.esante.gouv.fr/NOS/TRE_A01-CadreExercice/FHIR/TRE-A01-CadreExercice,20240927120000,active,"1.2.250.1.213.1.1.4.9",TRE_A01_CadreExercice,,"Cadre d'exercice","ValueSet/JDV-J04-XdsPracticeSettingCode-CISIS"
https://mos.esante.gouv.fr/NOS/TRE_A02-ProfessionSavFaire-CISIS/FHIR/TRE-A02-ProfessionSavFaire-CISIS,20260928120000,active,"1.2.250.1.213.1.1.4.5",TRE_A02_ProfessionSavFaire_CISIS,,"Profession et savoir-faire CI-SIS","ValueSet/JDV-J01-XdsAuthorSpecialty-CISIS"
https://mos.esante.gouv.fr/NOS/TRE_R258-RelationPriseCharge/FHIR/TRE-R258-RelationPriseCharge,20250523120000,active,"1.2.250.1.213.1.1.4.2.280",TRE_R258_RelationPriseCharge,,"Relation dans la prise en charge du patient","ValueSet/JDV-J47-FunctionCode-CISIS"
https://mos.esante.gouv.fr/NOS/TRE_R259-HL7ParticipationFunction/FHIR/TRE-R259-HL7ParticipationFunction,20231215120000,active,"2.16.840.1.113883.5.88",TRE_R259_HL7ParticipationFunction,,"Rôles fonctionnels HL7","ValueSet/JDV-J47-FunctionCode-CISIS"
https://mos.esante.gouv.fr/NOS/TRE_R85-RolePriseCharge/FHIR/TRE-R85-RolePriseCharge,20260505120000,active,"1.2.250.1.213.1.6.1.107",TRE_R85_RolePriseCharge,,"Rôle dans la prise en charge des patients ou des usagers","ValueSet/JDV-J47-FunctionCode-CISIS,ValueSet/JDV-J01-XdsAuthorSpecialty-CISIS"
https://mos.esante.gouv.fr/NOS/TRE_R94-ProfessionSocial/FHIR/TRE-R94-ProfessionSocial,20241213120000,active,"1.2.250.1.213.1.6.1.4",TRE_R94_ProfessionSocial,,"Profession du social","ValueSet/JDV-J01-XdsAuthorSpecialty-CISIS"
https://mos.esante.gouv.fr/NOS/TRE_R95-UsagerTitre/FHIR/TRE-R95-UsagerTitre,20241213120000,active,"1.2.250.1.213.1.6.1.109",TRE_R95_UsagerTitre,,"Usager de titre professionnel","ValueSet/JDV-J01-XdsAuthorSpecialty-CISIS"
https://smt.esante.gouv.fr/fhir/CodeSystem/terminologie-cisis,202609211638,active,"1.2.250.1.213.1.1.4.322",TerminologieCISIS,TerminologieCISIS - Terminologie des concepts non trouvés dans les autres terminologies,"Terminologie multi-domaines créée et maintenue par l'ANS contenant les termes non trouvés dans les autres terminologies internationales ou nationales.","ValueSet/fr-valueset-ep-med-dm-sous-type-prescription"
urn:ietf:bcp:47,2.0.1,active,"2.16.840.1.113883.6.121",Ietf3066,Tags for the Identification of Languages,"Older value from OID registry.  Superceded; see recommendations in BCP-47.","ValueSet/all-languages"
