URL,Version,Status,OIDs,Name,Title,Description,Uses,Used,Sources
http://hl7.org/cda/stds/core/ValueSet/BinaryDataEncoding,2.0.3-sd,draft,,BinaryDataEncoding,CDABinaryDataEncoding,"Identifies the representation of binary data in a text field","StructureDefinition/fr-cda-clinical-document-ep-med-dm","hl7.cda.uv.core"
http://hl7.org/cda/stds/core/ValueSet/CDAActClass,2.0.3-sd,draft,,CDAActClass,CDAActClass,"A code specifying the major type of Act that this Act-instance represents.","StructureDefinition/fr-cda-clinical-document-ep-med-dm","THO (V3)"
http://hl7.org/cda/stds/core/ValueSet/CDAActClassObservation,2.0.3-sd,draft,,CDAActClassObservation,CDAActClassObservation,"An act that is intended to result in new information about a subject. The main difference between Observations and other Acts is that Observations have a value attribute.","StructureDefinition/fr-cda-clinical-document-ep-med-dm","THO (V3)"
http://hl7.org/cda/stds/core/ValueSet/CDAActMood,2.0.3-sd,draft,,CDAActMood,CDAActMood,"A code distinguishing whether an Act is conceived of as a factual statement or in some other manner as a command, possibility, goal, etc.","StructureDefinition/fr-cda-clinical-document-ep-med-dm","THO (V3)"
http://hl7.org/cda/stds/core/ValueSet/CDAActRelationshipType,2.0.3-sd,draft,,CDAActRelationshipType,CDAActRelationshipType,"A code specifying the meaning and purpose of every ActRelationship instance. Each of its values implies specific constraints to what kinds of Act objects can be related and in which way.","StructureDefinition/fr-cda-clinical-document-ep-med-dm","THO (V3)"
http://hl7.org/cda/stds/core/ValueSet/CDAActSubstanceAdministrationCode,2.0.3-sd,draft,,CDAActSubstanceAdministrationCode,CDAActSubstanceAdministrationCode,"Describes the type of substance administration being performed.","StructureDefinition/fr-cda-clinical-document-ep-med-dm","THO (V3)"
http://hl7.org/cda/stds/core/ValueSet/CDACompressionAlgorithm,2.0.3-sd,draft,,CDACompressionAlgorithm,CDACompressionAlgorithm,"Type of compression algorithm used - limited to 4 concepts from original CDA definition","StructureDefinition/fr-cda-clinical-document-ep-med-dm","THO (V3)"
http://hl7.org/cda/stds/core/ValueSet/CDAContextControl,2.0.3-sd,draft,,CDAContextControl,CDAContextControl,"A code that specifies how an ActRelationship or Participation contributes to the context of an Act, and whether it may be propagated to descendent Acts whose association allows such propagation.","StructureDefinition/fr-cda-clinical-document-ep-med-dm","THO (V3)"
http://hl7.org/cda/stds/core/ValueSet/CDAEntityCode,2.0.3-sd,draft,,CDAEntityCode,CDAEntityCode,"A value representing the specific kind of Entity the instance represents.","StructureDefinition/fr-cda-clinical-document-ep-med-dm","THO (V3)"
http://hl7.org/cda/stds/core/ValueSet/CDANullFlavor,2.0.3-sd,draft,,CDANullFlavor,CDANullFlavor,"CDA NullFlavors - limited to values allowed in original CDA definition","StructureDefinition/fr-cda-clinical-document-ep-med-dm","THO (V3)"
http://hl7.org/cda/stds/core/ValueSet/CDAParticipationType,2.0.3-sd,draft,,CDAParticipationType,CDAParticipationType,"A code specifying the meaning and purpose of every Participation instance. Each of its values implies specific constraints on the Roles undertaking the participation. Limited to values allowed in original CDA definition","StructureDefinition/fr-cda-clinical-document-ep-med-dm","THO (V3)"
http://hl7.org/cda/stds/core/ValueSet/CDARoleClassRoot,2.0.3-sd,draft,,CDARoleClassRoot,CDARoleClassRoot,"Corresponds to the Role class","StructureDefinition/fr-cda-clinical-document-ep-med-dm","THO (V3)"
http://hl7.org/cda/stds/core/ValueSet/CDARoleCode,2.0.3-sd,draft,,CDARoleCode,CDARoleCode,"A set of codes further specifying the kind of Role; specific classification codes for further qualifying RoleClass codes.","StructureDefinition/fr-cda-clinical-document-ep-med-dm","THO (V3)"
http://hl7.org/cda/stds/core/ValueSet/CDASetOperator,2.0.3-sd,draft,,CDASetOperator,CDASetOperator,"Determins the intersectionality of multiple sets","StructureDefinition/fr-cda-clinical-document-ep-med-dm","THO (V3)"
http://hl7.org/fhir/ValueSet/all-languages,5.0.0,active,"2.16.840.1.113883.4.642.3.21",AllLanguages,All Languages,"This value set includes all possible codes from BCP-47 (see http://tools.ietf.org/html/bcp47)","StructureDefinition/fr-cda-clinical-document-ep-med-dm","hl7.terminology.r5"
http://hl7.org/fhir/ValueSet/doc-typecodes,5.0.0,draft,"2.16.840.1.113883.4.642.3.235,2.16.840.1.113883.4.642.2.121,2.16.840.1.113883.4.642.3.240",FHIRDocumentTypeCodes,FHIR Document Type Codes,"FHIR Document Codes - all LOINC codes where scale type = 'DOC'.","StructureDefinition/fr-cda-clinical-document-ep-med-dm","LOINC"
http://terminology.hl7.org/ValueSet/v3-ActClassDocument,3.0.0,active,"2.16.840.1.113883.1.11.18938",ActClassDocument,ActClassDocument,"Specialization of Act to add the characteristics unique to document management services.","StructureDefinition/fr-cda-clinical-document-ep-med-dm","THO (V3)"
http://terminology.hl7.org/ValueSet/v3-ActClassRecordOrganizer,3.0.0,active,"2.16.840.1.113883.1.11.20308",ActClassRecordOrganizer,ActClassRecordOrganizer,"***No description***","StructureDefinition/fr-cda-clinical-document-ep-med-dm","THO (V3)"
http://terminology.hl7.org/ValueSet/v3-ActClassSupply,3.0.0,active,"2.16.840.1.113883.1.11.11535",ActClassSupply,ActClassSupply,"Supply orders and deliveries are simple Acts that focus on the delivered product. The product is associated with the Supply Act via Participation.typeCode=""product"". With general Supply Acts, the precise identification of the Material (manufacturer, serial numbers, etc.) is important. Most of the detailed information about the Supply should be represented using the Material class. If delivery needs to be scheduled, tracked, and billed separately, one can associate a Transportation Act with the Supply Act. Pharmacy dispense services are represented as Supply Acts, associated with a SubstanceAdministration Act. The SubstanceAdministration class represents the administration of medication, while dispensing is supply.","StructureDefinition/fr-cda-clinical-document-ep-med-dm","THO (V3)"
http://terminology.hl7.org/ValueSet/v3-ActCode,3.0.0,active,,ActCode,v3 Code System ActCode,"A code specifying the particular kind of Act that the Act-instance represents within its class.  Constraints:  The kind of Act (e.g. physical examination, serum potassium, inpatient encounter, charge financial transaction, etc.) is specified with a code from one of several, typically external, coding systems.  The coding system will depend on the class of Act, such as LOINC for observations, etc. Conceptually, the Act.code must be a specialization of the Act.classCode. This is why the structure of ActClass domain should be reflected in the superstructure of the ActCode domain and then individual codes or externally referenced vocabularies subordinated under these domains that reflect the ActClass structure. Act.classCode and Act.code are not modifiers of each other but the Act.code concept should really imply the Act.classCode concept. For a negative example, it is not appropriate to use an Act.code ""potassium"" together with and Act.classCode for ""laboratory observation"" to somehow mean ""potassium laboratory observation"" and then use the same Act.code for ""potassium"" together with Act.classCode for ""medication"" to mean ""substitution of potassium"". This mutually modifying use of Act.code and Act.classCode is not permitted.","StructureDefinition/fr-cda-clinical-document-ep-med-dm","THO (V3)"
http://terminology.hl7.org/ValueSet/v3-ActMoodPredicate,3.0.0,active,"2.16.840.1.113883.1.11.10202",ActMoodPredicate,ActMoodPredicate,"Any of the above service moods (e.g., event, intent, or goal) can be turned into a predicate used as a criterion to express conditionals (or queries.) However, currently we allow only criteria on service events.","StructureDefinition/fr-cda-clinical-document-ep-med-dm","THO (V3)"
http://terminology.hl7.org/ValueSet/v3-ActPriority,3.0.0,active,"2.16.840.1.113883.1.11.16866",ActPriority,ActPriority,"A code or set of codes (e.g., for routine, emergency,) specifying the urgency under which the Act happened, can happen, is happening, is intended to happen, or is requested/demanded to happen.    *Discussion:* This attribute is used in orders to indicate the ordered priority, and in event documentation it indicates the actual priority used to perform the act. In definition mood it indicates the available priorities.","StructureDefinition/fr-cda-clinical-document-ep-med-dm","THO (V3)"
http://terminology.hl7.org/ValueSet/v3-ActRelationshipHasComponent,3.0.0,active,"2.16.840.1.113883.1.11.10318",ActRelationshipHasComponent,ActRelationshipHasComponent,"A collection of sub-services as steps or subtasks performed for the source service. Services may be performed sequentially or concurrently.","StructureDefinition/fr-cda-clinical-document-ep-med-dm","THO (V3)"
http://terminology.hl7.org/ValueSet/v3-ActStatus,3.0.0,active,"2.16.840.1.113883.1.11.15933",ActStatus,ActStatus,"Contains the names (codes) for each of the states in the state-machine of the RIM Act class.","StructureDefinition/fr-cda-clinical-document-ep-med-dm","THO (V3)"
http://terminology.hl7.org/ValueSet/v3-AdministrableDrugForm,3.0.0,active,"2.16.840.1.113883.1.11.14570",AdministrableDrugForm,AdministrableDrugForm,"Indicates the form in which the drug product should be administered.    This element only needs to be specified when (a) the form in which the drug is measured for dispensing differs from the form in which the drug is administered; and (b) the form in which the quantity of the administered drug being administered is not expressed as a discrete measured mass or volume.*Usage:*","StructureDefinition/fr-cda-clinical-document-ep-med-dm","THO (V3)"
http://terminology.hl7.org/ValueSet/v3-EntityClassDevice,3.0.0,active,"2.16.840.1.113883.1.11.11623",EntityClassDevice,EntityClassDevice,"A subtype of ManufacturedMaterial used in an activity, without being substantially changed through that activity. The kind of device is identified by the code attribute inherited from Entity.    *Usage:* This includes durable (reusable) medical equipment as well as disposable equipment.","StructureDefinition/fr-cda-clinical-document-ep-med-dm","THO (V3)"
http://terminology.hl7.org/ValueSet/v3-EntityClassOrganization,3.0.0,active,"2.16.840.1.113883.1.11.10889",EntityClassOrganization,EntityClassOrganization,"A social or legal structure formed by human beings.","StructureDefinition/fr-cda-clinical-document-ep-med-dm","THO (V3)"
http://terminology.hl7.org/ValueSet/v3-EntityDeterminer,3.0.0,active,"2.16.840.1.113883.1.11.10878",EntityDeterminer,EntityDeterminer,"EntityDeterminer in natural language grammar is the class of words that comprises articles, demonstrative pronouns, and quantifiers. In the RIM, determiner is a structural code in the Entity class to distinguish whether any given Entity object stands for some, any one, or a specific thing.","StructureDefinition/fr-cda-clinical-document-ep-med-dm","THO (V3)"
http://terminology.hl7.org/ValueSet/v3-IntegrityCheckAlgorithm,2.0.0,active,"2.16.840.1.113883.1.11.17385",IntegrityCheckAlgorithm,IntegrityCheckAlgorithm,"***No description***","StructureDefinition/fr-cda-clinical-document-ep-med-dm","THO (V3)"
http://terminology.hl7.org/ValueSet/v3-ManufacturerModelNameExample,2.0.0,active,"2.16.840.1.113883.11.21014",ManufacturerModelNameExample,Manufacturer Model Name Example,"An example value set representing the ManufacturerModelName concept domain used  to convey a coded name for the software used to author content.","StructureDefinition/fr-cda-clinical-document-ep-med-dm","THO (V3)"
http://terminology.hl7.org/ValueSet/v3-MediaType,3.0.0,active,"2.16.840.1.113883.1.11.14824",MediaType,MediaType,"Internet Assigned Numbers Authority (IANA) Mime Media Types","StructureDefinition/fr-cda-clinical-document-ep-med-dm","THO (V3)"
http://terminology.hl7.org/ValueSet/v3-OrganizationIndustryClassNAICS,3.0.0,active,"2.16.840.1.113883.1.11.19298",OrganizationIndustryClassNAICS,OrganizationIndustryClassNAICS,"***No description***","StructureDefinition/fr-cda-clinical-document-ep-med-dm","THO"
http://terminology.hl7.org/ValueSet/v3-ParticipationPhysicalPerformer,3.0.0,active,"2.16.840.1.113883.1.11.10248",ParticipationPhysicalPerformer,ParticipationPhysicalPerformer,"A person who actually and principally carries out the action. Need not be the principal responsible actor, e.g. a surgery resident operating under supervision of attending surgeon, and may be the patient in self-care, e.g. fingerstick blood sugar. The traditional order filler is a performer. This information should accompany every service event.","StructureDefinition/fr-cda-clinical-document-ep-med-dm","THO (V3)"
http://terminology.hl7.org/ValueSet/v3-ParticipationTargetDirect,3.0.0,active,"2.16.840.1.113883.1.11.10286",ParticipationTargetDirect,ParticipationTargetDirect,"Target that is substantially present in the service and which is directly affected by the service action (includes consumed material, devices, etc.).","StructureDefinition/fr-cda-clinical-document-ep-med-dm","THO (V3)"
http://terminology.hl7.org/ValueSet/v3-RoleClassAssignedEntity,3.0.0,active,"2.16.840.1.113883.1.11.11595",RoleClassAssignedEntity,RoleClassAssignedEntity,"An agent role in which the agent is an Entity acting in the employ of an organization. The focus is on functional role on behalf of the organization, unlike the Employee role where the focus is on the 'Human Resources' relationship between the employee and the organization.","StructureDefinition/fr-cda-clinical-document-ep-med-dm","THO (V3)"
http://terminology.hl7.org/ValueSet/v3-RoleClassRelationshipFormal,3.0.0,active,"2.16.840.1.113883.1.11.10416",RoleClassRelationshipFormal,RoleClassRelationshipFormal,"A relationship between two entities that is formally recognized, frequently by a contract or similar agreement.","StructureDefinition/fr-cda-clinical-document-ep-med-dm","THO (V3)"
http://terminology.hl7.org/ValueSet/v3-RouteOfAdministration,3.0.0,active,"2.16.840.1.113883.1.11.14581",RouteOfAdministration,RouteOfAdministration,"The path the administered medication takes to get into the body or into contact with the body.","StructureDefinition/fr-cda-clinical-document-ep-med-dm","THO (V3)"
http://terminology.hl7.org/ValueSet/v3-SoftwareNameExample,2.0.0,active,"2.16.840.1.113883.11.21015",SoftwareNameExample,Software Name Example,"An example value set representing the SoftwareName concept domain used to convey a coded name for a device..","StructureDefinition/fr-cda-clinical-document-ep-med-dm","THO (V3)"
http://terminology.hl7.org/ValueSet/v3-xActRelationshipEntry,3.0.0,active,"2.16.840.1.113883.1.11.19446",XActRelationshipEntry,x_ActRelationshipEntry,"Used to enumerate the relationships between a CDA section and its contained entries.","StructureDefinition/fr-cda-clinical-document-ep-med-dm","THO (V3)"
http://terminology.hl7.org/ValueSet/v3-xActRelationshipEntryRelationship,3.0.0,active,"2.16.840.1.113883.1.11.19447",XActRelationshipEntryRelationship,x_ActRelationshipEntryRelationship,"Used to enumerate the relationships between two CDA entries.","StructureDefinition/fr-cda-clinical-document-ep-med-dm","THO (V3)"
http://terminology.hl7.org/ValueSet/v3-xActRelationshipExternalReference,3.0.0,active,"2.16.840.1.113883.1.11.19000",XActRelationshipExternalReference,x_ActRelationshipExternalReference,"Used to enumerate the relationships between a CDA entry and an externally referenced act.","StructureDefinition/fr-cda-clinical-document-ep-med-dm","THO (V3)"
http://terminology.hl7.org/ValueSet/v3-xDocumentSubstanceMood,2.0.0,active,"2.16.840.1.113883.1.11.19461",XDocumentSubstanceMood,x_DocumentSubstanceMood,"Used to enumerate the moods that a substance administration can take within the body of a clinical document.","StructureDefinition/fr-cda-clinical-document-ep-med-dm","THO (V3)"
http://terminology.hl7.org/ValueSet/v3-xServiceEventPerformer,3.0.0,active,"2.16.840.1.113883.1.11.19601",XServiceEventPerformer,x_ServiceEventPerformer,"Clones using this x\_domain should have a name ""performer"".","StructureDefinition/fr-cda-clinical-document-ep-med-dm","THO (V3)"
https://interop.esante.gouv.fr/ig/cda/fr-eprescription/ValueSet/fr-valueset-ep-med-dm-sous-type-prescription,0.1.0,draft,,FRValueSetEPMEDDMSousTypePrescription,ValueSet - FR ValueSet Sous-type de la ePrescription eP-MED-DM,"Jeu de valeurs regroupant les sous-types de la ePrescription eP-MED-DM (documentationOf[n]/serviceEvent/code) : bizone, médicaments d'exception, ordonnance sécurisée, grand appareillage, exécution à domicile, exécution en urgence et affection militaire.","StructureDefinition/fr-cda-clinical-document-ep-med-dm","ans.fr.terminologies"
https://mos.esante.gouv.fr/NOS/JDV_J01-XdsAuthorSpecialty-CISIS/FHIR/JDV-J01-XdsAuthorSpecialty-CISIS,20260505120000,active,"1.2.250.1.213.1.1.5.461",JDV_J01_XdsAuthorSpecialty_CISIS,,"XDS authorSpecialty CI-SIS","StructureDefinition/fr-cda-clinical-document-ep-med-dm","ans.fr.terminologies"
https://mos.esante.gouv.fr/NOS/JDV_J04-XdsPracticeSettingCode-CISIS/FHIR/JDV-J04-XdsPracticeSettingCode-CISIS,20240927120000,active,"1.2.250.1.213.1.1.5.467",JDV_J04_XdsPracticeSettingCode_CISIS,,"XDS practiceSettingCode CI-SIS","StructureDefinition/fr-cda-clinical-document-ep-med-dm","ans.fr.terminologies"
https://mos.esante.gouv.fr/NOS/JDV_J47-FunctionCode-CISIS/FHIR/JDV-J47-FunctionCode-CISIS,20250523120000,active,"1.2.250.1.213.1.1.5.124",JDV_J47_FunctionCode_CISIS,,"Rôles fonctionnels","StructureDefinition/fr-cda-clinical-document-ep-med-dm","ans.fr.terminologies"
https://smt.esante.gouv.fr/fhir/ValueSet/jdv-hl7-v3-ActStatus-cisis,20260619134042,active,"2.16.840.1.113883.1.11.15933",ActStatus,ActStatus,"ActStatus","StructureDefinition/fr-cda-clinical-document-ep-med-dm","THO (V3)"
https://smt.esante.gouv.fr/fhir/ValueSet/jdv-human-substance-administration-site-cisis,20260619134041,active,"1.2.250.1.213.1.1.5.686",JdvHumanSubstanceAdministrationSiteCisis,JDV Human Substance Administration Site CISIS,"JDV Human Substance Administration Site CISIS","StructureDefinition/fr-cda-clinical-document-ep-med-dm","SCT"
